reg,cheflieu,tncc,ncc,nccenr,libelle
01,97105,3,GUADELOUPE,Guadeloupe,Guadeloupe
02,97209,3,MARTINIQUE,Martinique,Martinique
03,97302,3,GUYANE,Guyane,Guyane
04,97411,0,LA REUNION,La Réunion,La Réunion
06,97608,0,MAYOTTE,Mayotte,Mayotte
11,75056,1,ILE DE FRANCE,Île-de-France,Île-de-France
24,45234,2,CENTRE VAL DE LOIRE,Centre-Val de Loire,Centre-Val de Loire
27,21231,0,BOURGOGNE FRANCHE COMTE,Bourgogne-Franche-Comté,Bourgogne-Franche-Comté
28,76540,0,NORMANDIE,Normandie,Normandie
32,59350,4,HAUTS DE FRANCE,Hauts-de-France,Hauts-de-France
44,67482,2,GRAND EST,Grand Est,Grand Est
52,44109,4,PAYS DE LA LOIRE,Pays de la Loire,Pays de la Loire
53,35238,0,BRETAGNE,Bretagne,Bretagne
75,33063,3,NOUVELLE AQUITAINE,Nouvelle-Aquitaine,Nouvelle-Aquitaine
76,31555,1,OCCITANIE,Occitanie,Occitanie
84,69123,1,AUVERGNE RHONE ALPES,Auvergne-Rhône-Alpes,Auvergne-Rhône-Alpes
93,13055,0,PROVENCE ALPES COTE D AZUR,Provence-Alpes-Côte d'Azur,Provence-Alpes-Côte d'Azur
94,2A004,0,CORSE,Corse,Corse
